<?xml version="1.0" encoding="UTF-8" standalone="yes"?>
<addon id="plugin.video.arenavisionezy"
	name="ArenaVision EZY"
	version="1.0.3"
	provider-name="Wazzu">
	<requires>
		<import addon="xbmc.python" version="2.1.0"/>
	</requires>
	<extension point="xbmc.python.pluginsource" library="addon.py">
		<provides>video</provides>
	</extension>
	<extension point="xbmc.addon.metadata">
		<summary>ArenaVision EZY</summary>
		<description>Interfaz para ArenaVision (Acestream)</description>
		<platform>all</platform>
		<license/>
		<forum/>
		<website/>
		<email>egrueda@gmail.com</email>
		<source/>
	</extension>
</addon>
